{
  "discos": [
    {
      "id": "5cd9",
      "nombre": "rubeb",
      "caratula": "http://localhost:5173/insertar-disco",
      "compositor": "jojosw",
      "fecha": "2022",
      "localizacion": "ES-001AA",
      "prestado": "sí",
      "generos": [
        "jazz"
      ]
    },
    {
      "id": "7gh12",
      "nombre": "Disco Editado",
      "caratula": "http://localhost:5173/insertar-disco",
      "compositor": "Compositor Editado",
      "fecha": "2023",
      "localizacion": "ES-002BB",
      "prestado": "no",
      "generos": [
        "rock",
        "pop"
      ]
    },
    {
      "id": "e354",
      "nombre": "awdddddd",
      "caratula": "http://localhost:5173/insertar-disco",
      "compositor": "dbzhola",
      "fecha": "1986",
      "localizacion": "ES-001AA",
      "prestado": "",
      "generos": [
        "jazz"
      ]
    }
  ]
}